"In Block 124724, user midnightmagic mined a solo block to himself which underpaid the reward by a single Satoshi and simultaneously destroyed the block's fees. This is one of two only known reductions in the total mined supply of Bitcoin.",https://en.bitcoin.it/wiki/Controlled_supply,https://www.blockchain.com/btc/block/0000000000004c78956f8643262f3622acf22486b120421f893c0553702ba7b5,"There are many different Bitcoin block explorers one could use to analyze a specific block. I used blockchain.com 1 because it is well known and has been around for a long time, so I trust the source. If you inspect the hash of Block #124724 (https://www.blockchain.com/btc/block/0000000000004c78956f8643262f3622acf22486b120421f893c0553702ba7b5), you’ll see that the block reward is 49.99999999 BTC. Meanwhile, other blocks, such as Block #124745 (https://www.blockchain.com/btc/block/00000000000058e4654c09ba7fef1ca5d1d6867a5ebfe62ce24f035d23750dcf) have a block reward of 50 BTC.

This confirms the claim in the first sentence that the block reward in Block #234724 was in fact underpaid by one Satoshi.",Confirmed
"Dan Larimer might start another coin. It will be a currency/payments coin. It will be a privacy coin like Monero. Deflationary like Bitcoin. But unlike Bitcoin, it won’t have a fixed supply. It’s supply will be “unknowable.”",https://twitter.com/startupswamy/status/1068700544988893184,https://i.redd.it/pg1y4x1wda121.jpg,"Yes, it’s true. He said in Telegram messages what his tentative plans are. He’s in “exploratory” phases right now.",Confirmed
Gab to start accepting payments in Bitcoin through *Bitpay *after being denied by multiple banks,https://twitter.com/CryptoCoinsNews/status/1066847438084943872,https://248qms3nhmvl15d4ne1i4pxl-wpengine.netdna-ssl.com/wp-content/uploads/2018/11/gab-accept-bitcoin.jpg,"In the article, there is a screenshot of a post written by the founder of Gab. Testimonial evidence from the source himself.",Unconfirmed
Ohio set to become the first U.S. state to accept bitcoin for tax bills,https://www.wsj.com/articles/pay-taxes-with-bitcoin-ohio-says-sure-1543161720?mod=searchresults&page=1&pos=1,https://ohiocrypto.com/,The fact that the government website exists is testimonial evidence that the claim is true.,Confirmed
50% of Ron Paul’s twitter followers prefer *Bitcoin *as an investment vehicle over Gold or US 10-yr treasury bonds,https://www.newsbtc.com/2018/11/19/ron-paul-poll-50-in-favor-of-bitcoin-as-long-term-investment/,https://twitter.com/RonPaul/status/1063194370860597255,"Yes, his twitter poll shows that 50% of his followers who voted, preferred Bitcoin",Confirmed
Twitter Crypto Scammers Steal $150K by Posing as Elon Musk,https://www.newsbtc.com/2018/11/06/twitter-crypto-scammers-steal-150k-by-posing-as-elon-musk/,https://www.bbc.com/news/technology-46097853,"In the source, News BTC links to a BBC report. The direct source, BBC, has several screenshots of the hacked accounts and promotional tweets.",Confirmed
The Stellar-activity fork/ XLA token is not a legitimate airdrop.,https://www.reddit.com/r/CryptoCurrency/comments/a2c464/xlm_fork_xla_scam/,https://stellar.expert/explorer/public/tx/85571356447498240#85571356447498241,Someone from the Stellar team posted a detailed analysis explaining the situation with stellar explorer links.,Unconfirmed
Politicians are planning to institute an international cryptocurrency tax because there is currently a loophole which prevents governments from taxing companies that don't have offices in that government's territory.,https://twitter.com/startupswamy/status/1069285885579997184,https://www.reddit.com/r/CryptoCurrency/comments/a2c9c6/breaking_g20_discusses_international/,"The news article the tweet is based on talks about a ""document"" that was signed. I suppose that's the primary report but again, that's going off someone else's word.",Unconfirmed
One of the oldest bookstores in India now accepts Bitcoin payments.,https://www.cryptoground.com/a/bangalore-bookstore-bitcoin-payments,https://www.cryptoground.com/photos/shares/QfdSPIG.jpg,"This is a shitty claim because it's misleading. Read the article. The bookstore accepts bitcoin but the bitcoin payment processor doesn't work because the government of India arrested the founders. So yeah, the bookstore ""accepts"" Bitcoin but that's not really a complete story. A better claim would be bookstore accepts Bitcoin  in theory, but you can't pay with it practically.",Rejected
There is no sign that the Petro actually exists.,https://www.reddit.com/r/CryptoCurrency/comments/a2bkqh/the_petro_is_an_ico_scam_hyperinflation_continues/,https://explorador.petro.gob.ve/,The Petro block explorer is non functional.,Unconfirmed
A security vulnerability in NEO allows hackers to steal users’ tokens using remote access to their wallets,https://www.cryptoglobe.com/latest/2018/12/neo-vulnerability-allows-hackers-to-steal-users-tokens-chinas-tencent-warns/,https://passport.weibo.com/visitor/visitor?entry=miniblog&a=enter&url=https%3A%2F%2Fweibo.com%2F5910176294%2FH5e3q5xKR%3Ffrom%3Dpage_1006065910176294_profile%26wvr%3D6%26mod%3Dweibotime%26type%3Dcomment&domain=.weibo.com&sudaref=https%3A%2F%2Fwww.cryptoglobe.com%2Flatest%2F2018%2F12%2Fneo-vulnerability-allows-hackers-to-steal-users-tokens-chinas-tencent-warns%2F&ua=php-sso_sdk_client-0.6.28&_rand=1544038812.3212,"Tencent security researchers found that if a user starts running a network node using default configurations and opens a wallet, it’s a risk of seeing hackers remotely access it.",Unconfirmed
"Starbucks hasn't accepted Bitcoin as a form of payment yet. If they do, they will allow customers to pay for coffee with cash from converted BTC, not directly through BTC.",https://twitter.com/startupswamy/status/1069306202448773120,https://zerocrypted.com/starbucks-bitcoin/,"In the article, it clarifies what Starbucks' position on Bitcoin payments are. Also, in August there were rumors going around about this as well, which Starbucks clarified.",Unconfirmed
"Woman used crypto to fund ISIS, faces 20 Year prison sentence",https://www.thecryptoupdates.com/woman-used-crypto-to-fund-isis-faces-20-year-prison-sentence/,https://www.investigativeproject.org/case/822/us-v-shahnaz,"There are publicly available court filings which claim that Zoobia Shahnaz with bank fraud, conspiracy to commit money laundering and three substantive counts of money laundering.",Confirmed
Tether quietly removes promise of Audits From FAQ,https://www.reddit.com/r/CryptoCurrency/comments/a0y36r/tether_quietly_removes_promise_of_audits_from_faq/,https://web.archive.org/web/20180628141947/https://tether.to/faqs/,"Comparing the old website and new website copy, you can see they removed the word ""audit"" from it.",Confirmed
An smart contract on Ethereum that utilized zero knowledge proofs was recently implemented.,https://www.reddit.com/r/CryptoCurrency/comments/a2fpwm/zcash_and_monero_have_been_turned_into_an/,https://i.redd.it/0rfq2nhuqw121.png,"The claim appears valid but in the comments section, technical experts are deliberating whether or not this is a big deal. So I'm actually not entirely sure but I think its true.",Unconfirmed